<?xml version="1.0" encoding="UTF-8"?>
<!DOCTYPE mapper PUBLIC "-//mybatis.org//DTD Mapper 3.0//EN"
		"http://mybatis.org/dtd/mybatis-3-mapper.dtd"> <!--mapper임을 명시하기 위한 DTD 선언 -->

<mapper namespace="mapper.BoardMapper">

	<insert id="insertBoard" parameterType="com.spring.training.board.dto.BoardDto">
		INSERT INTO T_BOARD(
					WRITER,
					EMAIL,
					SUBJECT,
					PASSWORD,
					REG_DATE,
					READ_COUNT,
					CONTENT)
		VALUES(
					#{writer},
					#{email},
					#{subject},
					#{password},
					now(),
					#{readCount},
					#{content})
	</insert>

	<select id="getAllBoard" resultType="com.spring.training.board.dto.BoardDto">
		SELECT
				*
		FROM
				T_BOARD
	</select>

	<select id="getOneBoard" parameterType="int" resultType="com.spring.training.board.dto.BoardDto">
		SELECT
				*
		FROM
				T_BOARD
		WHERE	
				NUM=#{num}
	</select>

	<select id="validateUserCheck" parameterType="com.spring.training.board.dto.BoardDto" resultType="com.spring.training.board.dto.BoardDto">
		SELECT
				*
		FROM
				T_BOARD
		WHERE
				NUM=#{num} AND PASSWORD=#{password}
	</select>

	<delete id="deleteBoard" parameterType="int">
		DELETE FROM 
				T_BOARD
		WHERE
				NUM=#{num}
	</delete>
	
	<update id="updateBoard" parameterType="com.spring.training.board.dto.BoardDto">
		UPDATE
				T_BOARD
		SET
				SUBJECT=#{subject},
				CONTENT=#{content}
		WHERE
				NUM=#{num}
	</update>

</mapper>
