<?xml version="1.0" encoding="UTF-8"?>
<beans xmlns="http://www.springframework.org/schema/beans"
	xmlns:xsi="http://www.w3.org/2001/XMLSchema-instance"
	xsi:schemaLocation="http://www.springframework.org/schema/beans https://www.springframework.org/schema/beans/spring-beans.xsd">
	
	<!-- Root Context: defines shared resources visible to all other web components -->
	<bean id="dataSource" class="org.springframework.jdbc.datasource.DriverManagerDataSource">				
		<property name="driverClassName" value="com.mysql.jdbc.Driver"></property>											<!-- JDBC 연결드라이버 -->
		<property name="url" 	  		 value="jdbc:mysql://localhost:3306/SPRING_MVC2_EX?serverTimezone=UTC"></property>	<!-- 연결 주소 -->
		<property name="username" 		 value="root"></property>															<!-- 연결 계정명 -->
		<property name="password" 		 value="1234"></property>															<!-- 연결 비밀번호 -->
	</bean>

	<bean id="sqlSessionFactory" class="org.mybatis.spring.SqlSessionFactoryBean">			
		<property name="dataSource" 	 ref="dataSource" />												
		<property name="configLocation"  value="classpath:mybatis-config.xml"></property>									<!-- 마이바티스 설정파일 -->
		<property name="mapperLocations" value="classpath:mappers/*Mapper.xml"></property>									<!-- 마이바티스 매퍼의 위치 -->																			
	</bean>

	<bean id="sqlSession" class="org.mybatis.spring.SqlSessionTemplate"  destroy-method="clearCache">	
		<constructor-arg name="sqlSessionFactory" ref="sqlSessionFactory"></constructor-arg>			
	</bean>		
</beans>
